Title,Price,Location,URL,Description
All Categories,N/A,N/A,https://www.olx.in/items/q-car-cover,Link found
"ENGLISH
login
SELL
ALL CATEGORIES
Cars
Motorcycles
Mobile Phones
For Sale: Houses & Apartments
Scooters
Commercial & Other Vehicles
For Rent: Houses & Apartments
Home
Car Cover in India
CATEGORIES
All Categories
LOCATIONS
Filters
BUDGET
Choose a range below
to
apply
Showing results for ""car cover""
348 Ads
SORT BY : Date Published
FEATURED
₹ 45,00,000
2 Bds - 1 Ba - 900 ft2
107 Gaj home with covered car parking near by main market
JAWAHAR COLONY, FARIDABAD
APR 26
FEATURED
₹ 5,15,000
2014 - 117,000 km
Honda Mobilio 2014, New tyres and seat covers
MOGAPPAIR EAST PANEER NAGAR, CHENNAI
APR 17
FEATURED
₹ 33,00,111
Newly build 75 Sq yards home with covered car parking
DABUA COLONY, FARIDABAD
TODAY
Car seat Cover, music System, fullmat
VICTORIA COLONY, THANJAVUR
TODAY
₹ 11,000
1 BHK - 1 Bathroom - 800 sqft
Spacious 1.5 BHK flat with covered car parking for rent for family
MARUNJI, PUNE
TODAY
₹ 2,000
Covered Car Parking for rent with individual gate.
MUGALIVAKKAM VGN LAKSHMI NAGAR PHASE 2, CHENNAI
TODAY
Want to see your stuff here?
Make some extra cash by selling things in your community. Go on, it's quick and easy.
start selling
₹ 31,00,000
2 BHK - 2 Bathroom - 702 sqft
Ambattur 2 Flats for Sale with Lift & Covered Car Parking
KORATTUR, CHENNAI
TODAY
₹ 20,000
2 BHK - 2 Bathroom - 880 sqft
2bhk new flat rent family kiran soc katraj car parking covered
KATRAJ, PUNE
TODAY
₹ 900
Car cover for Alto or K10
ABBAS NAGAR, BHOPAL
TODAY
₹ 3,00,000
A 5000 SQFT COMMERCIAL OFFICE SPACE WITH COVERED CAR PARK FOR RENT
VIMAN NAGAR, PUNE
TODAY
₹ 60,000
2 BHK - 2 Bathroom - 1079 sqft
2BHK, Covered Car Parking, Lift, Trustpuram
KODAMBAKKAM TRUSTPURAM, CHENNAI
TODAY
₹ 900
Car Body Cover Swift
KESARAPALLI, VIJAYAWADA
TODAY
₹ 9,999
Car universal 9d seat covers
DWARKA SECTOR 98, DELHI
TODAY
₹ 14,000
2 BHK - 2 Bathroom - 1800 sqft
2bhk attached first floor with covered car parking
MANACAUD, THIRUVANANTHAPURAM
TODAY
₹ 75,000
2 Bds - 2 Ba - 1350 ft2
A 1350 SQFT FURNISHED 2BHK FLAT WITH COVERED CAR PARK AVAIL FOR RENT
VIMAN NAGAR, PUNE
TODAY
₹ 5,500
1 BHK - 1 Bathroom - 2400 sqft
Independent 1bhk house 24hrs water car parking covered garden
AAMAR ESTATE, BHOPAL
TODAY
₹ 38,91,000
2 BHK - 2 Bathroom - 1150 sqft
Ready to shift modern 2 bhk wit cover car parking. Gted society.
GAUR CHOWK, GREATER NOIDA
TODAY
₹ 1,45,00,000
3 Bds - 3 Ba - 1800 ft2
Large Size 3 bhk with cover Car parking at NIBM
NIBM ROAD KONDHWA, PUNE
TODAY
₹ 1,000
All Maruthi Seat cover car stereo
PANAMARAM, WAYANAD
TODAY
₹ 19,000
2 BHK - 2 Bathroom - 950 sqft
2BHK, Furnished, 2 Balconies, covered car parking
KATTUPAKKAM, CHENNAI
TODAY
FEATURED
₹ 4,200
Car seat cover vsp
SEETAMMA PETA, VISAKHAPATNAM
APR 17
FEATURED
₹ 3,800
Car Seat Covers del
TEEN MURTI MARG AREA, DELHI
APR 22
₹ 34,99,000
2 BHK - 2 Bathroom - 975 sqft
2+Store Luxury Apartment Cctv Cameras Covered Car Parking In Gr Noida
SECTOR 1 NOIDA EXTENSION, GREATER NOIDA
TODAY
₹ 37,99,000
2 BHK - 2 Bathroom - 1050 sqft
Beutiful 2Bhk Specious Flat Covered Car Parking In Noida Extension
SECTOR 1 NOIDA EXTENSION, GREATER NOIDA
TODAY
₹ 1,25,50,000
4 Bds - 3 Ba - 2000 ft2
Front side 4 Bed with Covered Car Parking & Lift in Indirapuram
INDIRAPURAM, GHAZIABAD
TODAY
₹ 1,29,00,000
3 Bds - 2 Ba - 1450 ft2
3Bed with Covered Car Parking and Lift in Shakti Khand-4
INDIRAPURAM SHAKTI KHAND 4, GHAZIABAD
TODAY
₹ 65,00,000
2 Bds - 2 Ba - 1125 ft2
2Bed with Covered Car Parking in Vaishali sec-5
VAISHALI SECTOR 5, GHAZIABAD
TODAY
₹ 23,80,000
1 BHK - 1 Bathroom - 499 sqft
NATP Sanction 1Rk luxurious flat with cover car parking with balcony
NARHE, PUNE
TODAY
₹ 1,90,00,000
3 Bds - 2 Ba - 1350 ft2
3bhk MICL (1.85 All inclusive) With 1 Alloted covered car park
DAHISAR EAST, MUMBAI
TODAY
₹ 40,000
1st floor with lift covered car parking
CHOOLAIMEDU SHAKTHI NAGAR, CHENNAI
TODAY
₹ 3,800
Car seat cover blr
SEETAMMA PETA, VISAKHAPATNAM
TODAY
₹ 12,000
Designer car seat cover vsp
SEETAMMA PETA, VISAKHAPATNAM
TODAY
₹ 2,499
All cars side mirror batman cover abs plastic piano black
GANGTOK PRIVATE ESTATE, GANGTOK
YESTERDAY
₹ 32,00,000
2 BHK - 2 Bathroom - 815 sqft
2bhk with separate covered car parking.
KOPRE, PUNE
YESTERDAY
₹ 2,500
All cars side mirror cover batman style abs plastic piano black
ANNA NAGAR, MADURAI
YESTERDAY
₹ 600
Old Seat cover 10pc of car likely a new condition any other 5 seater
BASANT VIHAR, KOTA
YESTERDAY
Car seat covers
KISMATHPUR, HYDERABAD
YESTERDAY
₹ 48,72,000
2 BHK - 2 Bathroom - 890 sqft
Kattupakkam 2 BHK Flat for Sale with Covered Car Parking
PORUR, CHENNAI
YESTERDAY
₹ 33,00,000
2 BHK - 2 Bathroom - 762 sqft
Thirumullaivoyal 2 BHK Flat for Sale with Covered Car Parking
THIRUMULLAIVOYAL, CHENNAI
YESTERDAY
₹ 21,20,000
2 BHK - 2 Bathroom - 530 sqft
Korattur 2 BHK Flat for Sale with Covered Car Parking
MOGAPPAIR, CHENNAI
YESTERDAY
load more
PROMOTED CONTENT
Spinny
Fixed Price Cars – No Haggling, Just Great Deals!
Spinny
With Spinny, Pre-owned Is Better Than New!
Spinny
Buy Or Sell A Car Hassle-Free – 5-Day Money-Back Guarantee!
Spinny
Are You Looking For Your Dream Car? You're At The Right Place
Spinny
Your Car, Your Price – With Guaranteed Resale!
Spinny
Buy A Used Car With Confidence – Warranty Included!
POPULAR LOCATIONS
Kolkata
Mumbai
Chennai
Pune
TRENDING LOCATIONS
Bhubaneshwar
Hyderabad
Chandigarh
Nashik
ABOUT US
Tech@OLX
Careers
OLX
Blog
Help
Sitemap
Legal & Privacy information
Vulnerability Disclosure Program
FOLLOW US
All rights reserved © 2006-2025 OLX
Help - Sitemap",N/A,N/A,N/A,Text content found
"ENGLISH
login
SELL
ALL CATEGORIES
Cars
Motorcycles
Mobile Phones
For Sale: Houses & Apartments
Scooters
Commercial & Other Vehicles
For Rent: Houses & Apartments
Home
Car Cover in India
CATEGORIES
All Categories
LOCATIONS
Filters
BUDGET
Choose a range below
to
apply
Showing results for ""car cover""
348 Ads
SORT BY : Date Published
FEATURED
₹ 45,00,000
2 Bds - 1 Ba - 900 ft2
107 Gaj home with covered car parking near by main market
JAWAHAR COLONY, FARIDABAD
APR 26
FEATURED
₹ 5,15,000
2014 - 117,000 km
Honda Mobilio 2014, New tyres and seat covers
MOGAPPAIR EAST PANEER NAGAR, CHENNAI
APR 17
FEATURED
₹ 33,00,111
Newly build 75 Sq yards home with covered car parking
DABUA COLONY, FARIDABAD
TODAY
Car seat Cover, music System, fullmat
VICTORIA COLONY, THANJAVUR
TODAY
₹ 11,000
1 BHK - 1 Bathroom - 800 sqft
Spacious 1.5 BHK flat with covered car parking for rent for family
MARUNJI, PUNE
TODAY
₹ 2,000
Covered Car Parking for rent with individual gate.
MUGALIVAKKAM VGN LAKSHMI NAGAR PHASE 2, CHENNAI
TODAY
Want to see your stuff here?
Make some extra cash by selling things in your community. Go on, it's quick and easy.
start selling
₹ 31,00,000
2 BHK - 2 Bathroom - 702 sqft
Ambattur 2 Flats for Sale with Lift & Covered Car Parking
KORATTUR, CHENNAI
TODAY
₹ 20,000
2 BHK - 2 Bathroom - 880 sqft
2bhk new flat rent family kiran soc katraj car parking covered
KATRAJ, PUNE
TODAY
₹ 900
Car cover for Alto or K10
ABBAS NAGAR, BHOPAL
TODAY
₹ 3,00,000
A 5000 SQFT COMMERCIAL OFFICE SPACE WITH COVERED CAR PARK FOR RENT
VIMAN NAGAR, PUNE
TODAY
₹ 60,000
2 BHK - 2 Bathroom - 1079 sqft
2BHK, Covered Car Parking, Lift, Trustpuram
KODAMBAKKAM TRUSTPURAM, CHENNAI
TODAY
₹ 900
Car Body Cover Swift
KESARAPALLI, VIJAYAWADA
TODAY
₹ 9,999
Car universal 9d seat covers
DWARKA SECTOR 98, DELHI
TODAY
₹ 14,000
2 BHK - 2 Bathroom - 1800 sqft
2bhk attached first floor with covered car parking
MANACAUD, THIRUVANANTHAPURAM
TODAY
₹ 75,000
2 Bds - 2 Ba - 1350 ft2
A 1350 SQFT FURNISHED 2BHK FLAT WITH COVERED CAR PARK AVAIL FOR RENT
VIMAN NAGAR, PUNE
TODAY
₹ 5,500
1 BHK - 1 Bathroom - 2400 sqft
Independent 1bhk house 24hrs water car parking covered garden
AAMAR ESTATE, BHOPAL
TODAY
₹ 38,91,000
2 BHK - 2 Bathroom - 1150 sqft
Ready to shift modern 2 bhk wit cover car parking. Gted society.
GAUR CHOWK, GREATER NOIDA
TODAY
₹ 1,45,00,000
3 Bds - 3 Ba - 1800 ft2
Large Size 3 bhk with cover Car parking at NIBM
NIBM ROAD KONDHWA, PUNE
TODAY
₹ 1,000
All Maruthi Seat cover car stereo
PANAMARAM, WAYANAD
TODAY
₹ 19,000
2 BHK - 2 Bathroom - 950 sqft
2BHK, Furnished, 2 Balconies, covered car parking
KATTUPAKKAM, CHENNAI
TODAY
FEATURED
₹ 4,200
Car seat cover vsp
SEETAMMA PETA, VISAKHAPATNAM
APR 17
FEATURED
₹ 3,800
Car Seat Covers del
TEEN MURTI MARG AREA, DELHI
APR 22
₹ 34,99,000
2 BHK - 2 Bathroom - 975 sqft
2+Store Luxury Apartment Cctv Cameras Covered Car Parking In Gr Noida
SECTOR 1 NOIDA EXTENSION, GREATER NOIDA
TODAY
₹ 37,99,000
2 BHK - 2 Bathroom - 1050 sqft
Beutiful 2Bhk Specious Flat Covered Car Parking In Noida Extension
SECTOR 1 NOIDA EXTENSION, GREATER NOIDA
TODAY
₹ 1,25,50,000
4 Bds - 3 Ba - 2000 ft2
Front side 4 Bed with Covered Car Parking & Lift in Indirapuram
INDIRAPURAM, GHAZIABAD
TODAY
₹ 1,29,00,000
3 Bds - 2 Ba - 1450 ft2
3Bed with Covered Car Parking and Lift in Shakti Khand-4
INDIRAPURAM SHAKTI KHAND 4, GHAZIABAD
TODAY
₹ 65,00,000
2 Bds - 2 Ba - 1125 ft2
2Bed with Covered Car Parking in Vaishali sec-5
VAISHALI SECTOR 5, GHAZIABAD
TODAY
₹ 23,80,000
1 BHK - 1 Bathroom - 499 sqft
NATP Sanction 1Rk luxurious flat with cover car parking with balcony
NARHE, PUNE
TODAY
₹ 1,90,00,000
3 Bds - 2 Ba - 1350 ft2
3bhk MICL (1.85 All inclusive) With 1 Alloted covered car park
DAHISAR EAST, MUMBAI
TODAY
₹ 40,000
1st floor with lift covered car parking
CHOOLAIMEDU SHAKTHI NAGAR, CHENNAI
TODAY
₹ 3,800
Car seat cover blr
SEETAMMA PETA, VISAKHAPATNAM
TODAY
₹ 12,000
Designer car seat cover vsp
SEETAMMA PETA, VISAKHAPATNAM
TODAY
₹ 2,499
All cars side mirror batman cover abs plastic piano black
GANGTOK PRIVATE ESTATE, GANGTOK
YESTERDAY
₹ 32,00,000
2 BHK - 2 Bathroom - 815 sqft
2bhk with separate covered car parking.
KOPRE, PUNE
YESTERDAY
₹ 2,500
All cars side mirror cover batman style abs plastic piano black
ANNA NAGAR, MADURAI
YESTERDAY
₹ 600
Old Seat cover 10pc of car likely a new condition any other 5 seater
BASANT VIHAR, KOTA
YESTERDAY
Car seat covers
KISMATHPUR, HYDERABAD
YESTERDAY
₹ 48,72,000
2 BHK - 2 Bathroom - 890 sqft
Kattupakkam 2 BHK Flat for Sale with Covered Car Parking
PORUR, CHENNAI
YESTERDAY
₹ 33,00,000
2 BHK - 2 Bathroom - 762 sqft
Thirumullaivoyal 2 BHK Flat for Sale with Covered Car Parking
THIRUMULLAIVOYAL, CHENNAI
YESTERDAY
₹ 21,20,000
2 BHK - 2 Bathroom - 530 sqft
Korattur 2 BHK Flat for Sale with Covered Car Parking
MOGAPPAIR, CHENNAI
YESTERDAY
load more
PROMOTED CONTENT
Spinny
Fixed Price Cars – No Haggling, Just Great Deals!
Spinny
With Spinny, Pre-owned Is Better Than New!
Spinny
Buy Or Sell A Car Hassle-Free – 5-Day Money-Back Guarantee!
Spinny
Are You Looking For Your Dream Car? You're At The Right Place
Spinny
Your Car, Your Price – With Guaranteed Resale!
Spinny
Buy A Used Car With Confidence – Warranty Included!
POPULAR LOCATIONS
Kolkata
Mumbai
Chennai
Pune
TRENDING LOCATIONS
Bhubaneshwar
Hyderabad
Chandigarh
Nashik
ABOUT US
Tech@OLX
Careers
OLX
Blog
Help
Sitemap
Legal & Privacy information
Vulnerability Disclosure Program
FOLLOW US
All rights reserved © 2006-2025 OLX
Help - Sitemap",N/A,N/A,N/A,Text content found
"ENGLISH
login
SELL
ALL CATEGORIES
Cars
Motorcycles
Mobile Phones
For Sale: Houses & Apartments
Scooters
Commercial & Other Vehicles
For Rent: Houses & Apartments
Home
Car Cover in India
CATEGORIES
All Categories
LOCATIONS
Filters
BUDGET
Choose a range below
to
apply
Showing results for ""car cover""
348 Ads
SORT BY : Date Published
FEATURED
₹ 45,00,000
2 Bds - 1 Ba - 900 ft2
107 Gaj home with covered car parking near by main market
JAWAHAR COLONY, FARIDABAD
APR 26
FEATURED
₹ 5,15,000
2014 - 117,000 km
Honda Mobilio 2014, New tyres and seat covers
MOGAPPAIR EAST PANEER NAGAR, CHENNAI
APR 17
FEATURED
₹ 33,00,111
Newly build 75 Sq yards home with covered car parking
DABUA COLONY, FARIDABAD
TODAY
Car seat Cover, music System, fullmat
VICTORIA COLONY, THANJAVUR
TODAY
₹ 11,000
1 BHK - 1 Bathroom - 800 sqft
Spacious 1.5 BHK flat with covered car parking for rent for family
MARUNJI, PUNE
TODAY
₹ 2,000
Covered Car Parking for rent with individual gate.
MUGALIVAKKAM VGN LAKSHMI NAGAR PHASE 2, CHENNAI
TODAY
Want to see your stuff here?
Make some extra cash by selling things in your community. Go on, it's quick and easy.
start selling
₹ 31,00,000
2 BHK - 2 Bathroom - 702 sqft
Ambattur 2 Flats for Sale with Lift & Covered Car Parking
KORATTUR, CHENNAI
TODAY
₹ 20,000
2 BHK - 2 Bathroom - 880 sqft
2bhk new flat rent family kiran soc katraj car parking covered
KATRAJ, PUNE
TODAY
₹ 900
Car cover for Alto or K10
ABBAS NAGAR, BHOPAL
TODAY
₹ 3,00,000
A 5000 SQFT COMMERCIAL OFFICE SPACE WITH COVERED CAR PARK FOR RENT
VIMAN NAGAR, PUNE
TODAY
₹ 60,000
2 BHK - 2 Bathroom - 1079 sqft
2BHK, Covered Car Parking, Lift, Trustpuram
KODAMBAKKAM TRUSTPURAM, CHENNAI
TODAY
₹ 900
Car Body Cover Swift
KESARAPALLI, VIJAYAWADA
TODAY
₹ 9,999
Car universal 9d seat covers
DWARKA SECTOR 98, DELHI
TODAY
₹ 14,000
2 BHK - 2 Bathroom - 1800 sqft
2bhk attached first floor with covered car parking
MANACAUD, THIRUVANANTHAPURAM
TODAY
₹ 75,000
2 Bds - 2 Ba - 1350 ft2
A 1350 SQFT FURNISHED 2BHK FLAT WITH COVERED CAR PARK AVAIL FOR RENT
VIMAN NAGAR, PUNE
TODAY
₹ 5,500
1 BHK - 1 Bathroom - 2400 sqft
Independent 1bhk house 24hrs water car parking covered garden
AAMAR ESTATE, BHOPAL
TODAY
₹ 38,91,000
2 BHK - 2 Bathroom - 1150 sqft
Ready to shift modern 2 bhk wit cover car parking. Gted society.
GAUR CHOWK, GREATER NOIDA
TODAY
₹ 1,45,00,000
3 Bds - 3 Ba - 1800 ft2
Large Size 3 bhk with cover Car parking at NIBM
NIBM ROAD KONDHWA, PUNE
TODAY
₹ 1,000
All Maruthi Seat cover car stereo
PANAMARAM, WAYANAD
TODAY
₹ 19,000
2 BHK - 2 Bathroom - 950 sqft
2BHK, Furnished, 2 Balconies, covered car parking
KATTUPAKKAM, CHENNAI
TODAY
FEATURED
₹ 4,200
Car seat cover vsp
SEETAMMA PETA, VISAKHAPATNAM
APR 17
FEATURED
₹ 3,800
Car Seat Covers del
TEEN MURTI MARG AREA, DELHI
APR 22
₹ 34,99,000
2 BHK - 2 Bathroom - 975 sqft
2+Store Luxury Apartment Cctv Cameras Covered Car Parking In Gr Noida
SECTOR 1 NOIDA EXTENSION, GREATER NOIDA
TODAY
₹ 37,99,000
2 BHK - 2 Bathroom - 1050 sqft
Beutiful 2Bhk Specious Flat Covered Car Parking In Noida Extension
SECTOR 1 NOIDA EXTENSION, GREATER NOIDA
TODAY
₹ 1,25,50,000
4 Bds - 3 Ba - 2000 ft2
Front side 4 Bed with Covered Car Parking & Lift in Indirapuram
INDIRAPURAM, GHAZIABAD
TODAY
₹ 1,29,00,000
3 Bds - 2 Ba - 1450 ft2
3Bed with Covered Car Parking and Lift in Shakti Khand-4
INDIRAPURAM SHAKTI KHAND 4, GHAZIABAD
TODAY
₹ 65,00,000
2 Bds - 2 Ba - 1125 ft2
2Bed with Covered Car Parking in Vaishali sec-5
VAISHALI SECTOR 5, GHAZIABAD
TODAY
₹ 23,80,000
1 BHK - 1 Bathroom - 499 sqft
NATP Sanction 1Rk luxurious flat with cover car parking with balcony
NARHE, PUNE
TODAY
₹ 1,90,00,000
3 Bds - 2 Ba - 1350 ft2
3bhk MICL (1.85 All inclusive) With 1 Alloted covered car park
DAHISAR EAST, MUMBAI
TODAY
₹ 40,000
1st floor with lift covered car parking
CHOOLAIMEDU SHAKTHI NAGAR, CHENNAI
TODAY
₹ 3,800
Car seat cover blr
SEETAMMA PETA, VISAKHAPATNAM
TODAY
₹ 12,000
Designer car seat cover vsp
SEETAMMA PETA, VISAKHAPATNAM
TODAY
₹ 2,499
All cars side mirror batman cover abs plastic piano black
GANGTOK PRIVATE ESTATE, GANGTOK
YESTERDAY
₹ 32,00,000
2 BHK - 2 Bathroom - 815 sqft
2bhk with separate covered car parking.
KOPRE, PUNE
YESTERDAY
₹ 2,500
All cars side mirror cover batman style abs plastic piano black
ANNA NAGAR, MADURAI
YESTERDAY
₹ 600
Old Seat cover 10pc of car likely a new condition any other 5 seater
BASANT VIHAR, KOTA
YESTERDAY
Car seat covers
KISMATHPUR, HYDERABAD
YESTERDAY
₹ 48,72,000
2 BHK - 2 Bathroom - 890 sqft
Kattupakkam 2 BHK Flat for Sale with Covered Car Parking
PORUR, CHENNAI
YESTERDAY
₹ 33,00,000
2 BHK - 2 Bathroom - 762 sqft
Thirumullaivoyal 2 BHK Flat for Sale with Covered Car Parking
THIRUMULLAIVOYAL, CHENNAI
YESTERDAY
₹ 21,20,000
2 BHK - 2 Bathroom - 530 sqft
Korattur 2 BHK Flat for Sale with Covered Car Parking
MOGAPPAIR, CHENNAI
YESTERDAY
load more
PROMOTED CONTENT
Spinny
Fixed Price Cars – No Haggling, Just Great Deals!
Spinny
With Spinny, Pre-owned Is Better Than New!
Spinny
Buy Or Sell A Car Hassle-Free – 5-Day Money-Back Guarantee!
Spinny
Are You Looking For Your Dream Car? You're At The Right Place
Spinny
Your Car, Your Price – With Guaranteed Resale!
Spinny
Buy A Used Car With Confidence – Warranty Included!
POPULAR LOCATIONS
Kolkata
Mumbai
Chennai
Pune
TRENDING LOCATIONS
Bhubaneshwar
Hyderabad
Chandigarh
Nashik
ABOUT US
Tech@OLX
Careers
OLX
Blog
Help
Sitemap
Legal & Privacy information
Vulnerability Disclosure Program
FOLLOW US
All rights reserved © 2006-2025 OLX
Help - Sitemap",N/A,N/A,N/A,Text content found
Car Cover in India,N/A,N/A,N/A,Text content found
"Showing results for ""car cover""",N/A,N/A,N/A,Text content found
"""car cover""",N/A,N/A,N/A,Text content found
107 Gaj home with covered car parking near by main market,N/A,N/A,N/A,Text content found
Newly build 75 Sq yards home with covered car parking,N/A,N/A,N/A,Text content found
"Car seat Cover, music System, fullmat
VICTORIA COLONY, THANJAVUR
TODAY",N/A,N/A,N/A,Text content found
"Car seat Cover, music System, fullmat",N/A,N/A,N/A,Text content found
Spacious 1.5 BHK flat with covered car parking for rent for family,N/A,N/A,N/A,Text content found
Covered Car Parking for rent with individual gate.,N/A,N/A,N/A,Text content found
Ambattur 2 Flats for Sale with Lift & Covered Car Parking,N/A,N/A,N/A,Text content found
2bhk new flat rent family kiran soc katraj car parking covered,N/A,N/A,N/A,Text content found
Car cover for Alto or K10,N/A,N/A,N/A,Text content found
A 5000 SQFT COMMERCIAL OFFICE SPACE WITH COVERED CAR PARK FOR RENT,N/A,N/A,N/A,Text content found
"2BHK, Covered Car Parking, Lift, Trustpuram",N/A,N/A,N/A,Text content found
Car Body Cover Swift,N/A,N/A,N/A,Text content found
Car universal 9d seat covers,N/A,N/A,N/A,Text content found
2bhk attached first floor with covered car parking,N/A,N/A,N/A,Text content found
A 1350 SQFT FURNISHED 2BHK FLAT WITH COVERED CAR PARK AVAIL FOR RENT,N/A,N/A,N/A,Text content found
Independent 1bhk house 24hrs water car parking covered garden,N/A,N/A,N/A,Text content found
Ready to shift modern 2 bhk wit cover car parking. Gted society.,N/A,N/A,N/A,Text content found
Large Size 3 bhk with cover Car parking at NIBM,N/A,N/A,N/A,Text content found
All Maruthi Seat cover car stereo,N/A,N/A,N/A,Text content found
"2BHK, Furnished, 2 Balconies, covered car parking",N/A,N/A,N/A,Text content found
Car seat cover vsp,N/A,N/A,N/A,Text content found
Car Seat Covers del,N/A,N/A,N/A,Text content found
2+Store Luxury Apartment Cctv Cameras Covered Car Parking In Gr Noida,N/A,N/A,N/A,Text content found
Beutiful 2Bhk Specious Flat Covered Car Parking In Noida Extension,N/A,N/A,N/A,Text content found
Front side 4 Bed with Covered Car Parking & Lift in Indirapuram,N/A,N/A,N/A,Text content found
3Bed with Covered Car Parking and Lift in Shakti Khand-4,N/A,N/A,N/A,Text content found
2Bed with Covered Car Parking in Vaishali sec-5,N/A,N/A,N/A,Text content found
NATP Sanction 1Rk luxurious flat with cover car parking with balcony,N/A,N/A,N/A,Text content found
3bhk MICL (1.85 All inclusive) With 1 Alloted covered car park,N/A,N/A,N/A,Text content found
1st floor with lift covered car parking,N/A,N/A,N/A,Text content found
Car seat cover blr,N/A,N/A,N/A,Text content found
Designer car seat cover vsp,N/A,N/A,N/A,Text content found
All cars side mirror batman cover abs plastic piano black,N/A,N/A,N/A,Text content found
2bhk with separate covered car parking.,N/A,N/A,N/A,Text content found
All cars side mirror cover batman style abs plastic piano black,N/A,N/A,N/A,Text content found
Old Seat cover 10pc of car likely a new condition any other 5 seater,N/A,N/A,N/A,Text content found
"Car seat covers
KISMATHPUR, HYDERABAD
YESTERDAY",N/A,N/A,N/A,Text content found
Car seat covers,N/A,N/A,N/A,Text content found
Kattupakkam 2 BHK Flat for Sale with Covered Car Parking,N/A,N/A,N/A,Text content found
Thirumullaivoyal 2 BHK Flat for Sale with Covered Car Parking,N/A,N/A,N/A,Text content found
Korattur 2 BHK Flat for Sale with Covered Car Parking,N/A,N/A,N/A,Text content found
"ABOUT US
Tech@OLX
Careers",N/A,N/A,N/A,Text content found
